-- --------------------------------------------------------
-- Host:                         127.0.0.1
-- Server version:               5.7.17-log - MySQL Community Server (GPL)
-- Server OS:                    Win64
-- HeidiSQL Version:             9.4.0.5125
-- --------------------------------------------------------

/*!40101 SET @OLD_CHARACTER_SET_CLIENT=@@CHARACTER_SET_CLIENT */;
/*!40101 SET NAMES utf8 */;
/*!50503 SET NAMES utf8mb4 */;
/*!40014 SET @OLD_FOREIGN_KEY_CHECKS=@@FOREIGN_KEY_CHECKS, FOREIGN_KEY_CHECKS=0 */;
/*!40101 SET @OLD_SQL_MODE=@@SQL_MODE, SQL_MODE='NO_AUTO_VALUE_ON_ZERO' */;

-- Dumping data for table maths_results.admins: ~9 rows (approximately)
DELETE FROM `admins`;
/*!40000 ALTER TABLE `admins` DISABLE KEYS */;
INSERT INTO `admins` (`id`, `username`, `salted_hash`, `salt`) VALUES
	(1, 'daninnm', 'd0fe192d1dfb9455469eba8c3906e87a89788517e9a6eda10305e0198b801f3b8e269fa37fd8318328ad74837797faf0a46c575b902a669d0c109760bc1e0a50', '1049139085894259051732334527849407242261216426487436917652322710'),
	(3, 'rogachev', '24c583e56a03abfab9bd9889483209d470b1156a0f0dd31638c6eb19a2fecd7775e170dba8344be4786cd99465c0d02df3426d4ed1bdbdb35a5b50e6a2525507', '5683086850179295222786432074489485313891158760367768330368885970'),
	(4, 'banggi', 'b404a01c6af78aebd5fecf29aa3d4667865931ebf6a5b2a9eaaaff25c28b004ed5fc3c3841a31a6e1ac1f9a52b32a3eb566d5e78997070e91762fb10810fb15d', '7166293495176872867857323784225875416884863142375678533047993288'),
	(5, 'stenli', '4e083eacb8bf407390b254c42a52f38349c56615dc8ed1ab60cf4ef0c2eed2ae4708445134026a5a1f39584ebac885e5de308614afc7e74264585972651bab25', '5728904972085621791544631121924651732181004900599254764419526895'),
	(6, 'A4', '9de2ce7af6301010cb5b4cfcbd8a1e26feaf5146b1ea7a45fbc422079c08603d57813502c61432f2ecb6f3f85ba3b75e83d1c894cdbf015276e571a24509ab27', '3302782246675508444484132762138030111097493489695395528180336959'),
	(7, 'A3', '9ef58004c0d60b6c7375a6a60f6da4987834d2156ea6969f171a55c8f12468d7d057e7456f3d21130c144bcb63f6ed1d2c33b2200c63bb088d60223c8a8b1185', '9818972542508100214483294482555929205902141951242691736005454873'),
	(8, 'IvoD', 'b80716463d5257fc69994bd67fbe600ebfd35d936bd0f385574d42236b30f9e4a13e3841c8124be5c727b9b52852580472dc56cbbe0a4fe91fbe5ab46037fe9b', '7683768841878053538134053224624112409178180098457377115652713086'),
	(9, 'nikolchenceto', '18be17ca4a5808fafb0534258246b1beb457aba3719ef82978d5c2d9a6f6c282c4d44081f123b1537bed3234e0f8570ccb7c17e4da546e749b8164737cc14245', '1728301584505620468031925290196329592292988925778606148621957542'),
	(10, 'zez', '004a8a23302d6f185f225535328dbb46b88c93faba0aea66f7efa3240f66eebc45c809c0f2869ecf8c565364b8043e3c3311262aaf4e2cb299a15f8b3e75a577', '9718670982680013349760741158040840841862905999140062850946982100');
/*!40000 ALTER TABLE `admins` ENABLE KEYS */;

-- Dumping data for table maths_results.competitions: ~6 rows (approximately)
DELETE FROM `competitions`;
/*!40000 ALTER TABLE `competitions` DISABLE KEYS */;
INSERT INTO `competitions` (`id`, `name`, `port`) VALUES
	(1, '5 клас', 3005),
	(2, '6 клас', 3006),
	(3, '7 клас', 3007),
	(4, '8 клас', 3008),
	(5, '9 клас', 3009),
	(6, '10-12 клас', 3010);
/*!40000 ALTER TABLE `competitions` ENABLE KEYS */;

-- Dumping data for table maths_results.competitors: ~305 rows (approximately)
DELETE FROM `competitors`;
/*!40000 ALTER TABLE `competitors` DISABLE KEYS */;
INSERT INTO `competitors` (`id`, `name`, `grade`, `competition_id`) VALUES
	(1, 'Алекс Августиян Паунчев', 5, 1),
	(2, 'Александра Деянова Савова', 5, 1),
	(3, 'Александра Димитрова Игнатова', 5, 1),
	(4, 'Александър Боянов Добренов', 5, 1),
	(5, 'Александър Орлинов Гичев', 5, 1),
	(6, 'Александър Хай Нгуен', 5, 1),
	(7, 'Анджелина Димитрова Босакова', 5, 1),
	(8, 'Андреа Данаилова Чакърова', 5, 1),
	(9, 'Антонио Пламенов Донков', 5, 1),
	(10, 'Асен Дачев', 5, 1),
	(11, 'Борис Ангелов Ангелов', 5, 1),
	(12, 'Борис Цветанов Гачевски', 5, 1),
	(13, 'Виктор Делянов Лилов', 5, 1),
	(14, 'Виктор Ясенов Костадинов', 5, 1),
	(15, 'Владимир Иванов Бакалов', 5, 1),
	(16, 'Георги Иванов Георгиев', 5, 1),
	(17, 'Георги Николаев Илиев', 5, 1),
	(18, 'Давид Цаков', 5, 1),
	(19, 'Даниел Георгиев Запрянов', 5, 1),
	(20, 'Дара Василева Неделчева', 5, 1),
	(21, 'Денис Петров Стоянов', 5, 1),
	(22, 'Деора Валентинова Митева', 5, 1),
	(23, 'Десислав Десиславов Дионисиев', 5, 1),
	(24, 'Десислава Тодорова Манахова', 5, 1),
	(25, 'Деян Емилов Михайлов', 5, 1),
	(26, 'Димитър Василев Таков', 5, 1),
	(27, 'Димитър Петров', 5, 1),
	(28, 'Евгений Гигов', 5, 1),
	(29, 'Елена Димитрова', 5, 1),
	(30, 'Елеонор Светлозарова Спасова', 5, 1),
	(31, 'Елица Емилова Башева', 5, 1),
	(32, 'Емил Байчев', 5, 1),
	(33, 'Емилия Емилова Симеонова', 5, 1),
	(34, 'Енислав Николов', 5, 1),
	(35, 'Здравко Петров Костов', 5, 1),
	(36, 'Иван Колев Миневски', 5, 1),
	(37, 'Ивана Емилиян Палева', 5, 1),
	(38, 'Ивана Тодорова Иванова', 5, 1),
	(39, 'Йоан Александров', 5, 1),
	(40, 'Йоан Стефанов Илиев', 5, 1),
	(41, 'Калоян Петров', 5, 1),
	(42, 'Катерина Димитрова Димитрова', 5, 1),
	(43, 'Кирил Мариянов Алексиев', 5, 1),
	(44, 'Константин Владимиров Димов', 5, 1),
	(45, 'Константин Костов Костадинов', 5, 1),
	(46, 'Кристиан Пламенов Пунчев', 5, 1),
	(47, 'Кристиян Марианов Гьорев', 5, 1),
	(48, 'Кръстан Асенов Драганов', 5, 1),
	(49, 'Магдалена Петрова Вигенина', 5, 1),
	(50, 'Мадлен Бисерова Пачева', 5, 1),
	(51, 'Марин Христов Христов', 5, 1),
	(52, 'Марио Иванов Янакиев', 5, 1),
	(53, 'Мария Николаева Дренчева', 5, 1),
	(54, 'Мария Русинова', 5, 1),
	(55, 'Мартин Велизаров Комитски', 5, 1),
	(56, 'Матей Ясенов Захариев', 5, 1),
	(57, 'Методи Кирилов Алексиев', 5, 1),
	(58, 'Мила Дачева', 5, 1),
	(59, 'Михаела Андонова', 5, 1),
	(60, 'Михаела Огнянова Андонова', 5, 1),
	(61, 'Моника Тодорова Виденова', 5, 1),
	(62, 'Наталия Стефанова Стефанова', 5, 1),
	(63, 'Нели Цветанова Цоканова', 5, 1),
	(64, 'Никола Каменов Дерменджиев', 5, 1),
	(65, 'Никола Мирославов Димов', 5, 1),
	(66, 'Никола Славчев Чочанов', 5, 1),
	(67, 'Николай Мичев Думанов', 5, 1),
	(68, 'Николай Тихомиров Дидилецов', 5, 1),
	(69, 'Ния Даниелова Димитрова', 5, 1),
	(70, 'Петър Кирилов Гюзелев', 5, 1),
	(71, 'Румен Павлов', 5, 1),
	(72, 'Светослав Развигоров', 5, 1),
	(73, 'Светослав Томов', 5, 1),
	(74, 'Симеон Дочев', 5, 1),
	(75, 'Симона Павлинова Славова', 5, 1),
	(76, 'Стела Христова Вълкова', 5, 1),
	(77, 'Стефан Грудов', 5, 1),
	(78, 'Стоян Иванов Мешов', 5, 1),
	(79, 'Тодор Тодоров Кордовски', 5, 1),
	(80, 'Юлиян Радославов Славчев', 5, 1),
	(81, 'Явор Пламенов Василев', 5, 1),
	(82, 'Ясен Пламенов Пенчев', 5, 1),
	(83, 'Ясен Цветелинов Хорозов', 5, 1),
	(84, 'Александър Петров Бояджиев', 6, 2),
	(85, 'Андрея Огнянова Христова', 6, 2),
	(86, 'Антония Николаева Илиева', 6, 2),
	(87, 'Артем Замоковски', 6, 2),
	(88, 'Благо Ивов Гунев', 6, 2),
	(89, 'Божидар Георгиев Илиев', 6, 2),
	(90, 'Борис Житомиров Петруняшев', 6, 2),
	(91, 'Боян Илианов Бонев', 6, 2),
	(92, 'Виктор Бориславов Михайлов', 6, 2),
	(93, 'Виктор Викторов Пъжев', 6, 2),
	(94, 'Виктор Станиславов Сираков', 6, 2),
	(95, 'Викториан Диленов Константинов', 6, 2),
	(96, 'Виктория Валентинова Цанкова', 6, 2),
	(97, 'Виктория Калоянова Бачева', 6, 2),
	(98, 'Владимир Георгиев Павлов', 6, 2),
	(99, 'Владимир Огнянов Генковски', 6, 2),
	(100, 'Георги Йонков Начев', 6, 2),
	(101, 'Георги Пламенов Пунчев', 6, 2),
	(102, 'Даниел Хорхе Аберто Веласкес', 6, 2),
	(103, 'Димитър Владимиров Панайотов', 6, 2),
	(104, 'Димитър Илиянов Сомлев', 6, 2),
	(105, 'Екатерина Узунова', 6, 2),
	(106, 'Елмира Любосветова Стоева', 6, 2),
	(107, 'Здравко Георгиев Тоев', 6, 2),
	(108, 'Иван Стоянов Иванов', 6, 2),
	(109, 'Иван Тодоров Татарев', 6, 2),
	(110, 'Илия Светлинов Петров', 6, 2),
	(111, 'Илияс Башир Номан', 6, 2),
	(112, 'Ичен Ма', 6, 2),
	(113, 'Катерина Тошкова Казанджиева', 6, 2),
	(114, 'Ким Нгок Анх', 6, 2),
	(115, 'Кирил Димитров Германлиев', 6, 2),
	(116, 'Кирил Спасов Марковски', 6, 2),
	(117, 'Красимира Красимирова Котова', 6, 2),
	(118, 'Люба Деянова Апостолова', 6, 2),
	(119, 'Любомир Росенов Коцев', 6, 2),
	(120, 'Магдалина Петрова Генова', 6, 2),
	(121, 'Максим Ивайлов Марков', 6, 2),
	(122, 'Марина Даниелова Гугушева', 6, 2),
	(123, 'Марио Яворов Йосифов', 6, 2),
	(124, 'Мария Рафаел Мирчова', 6, 2),
	(125, 'Марко Здравков Стефанов', 6, 2),
	(126, 'Мартин Георгиев Георгиев', 6, 2),
	(127, 'Мартин Ясенов Георгиев', 6, 2),
	(128, 'Найден Теодоров Брорджиев', 6, 2),
	(129, 'Никол Лъчезарова Николова', 6, 2),
	(130, 'Никола Николаев Панайотов', 6, 2),
	(131, 'Никола Пламенов Кольов', 6, 2),
	(132, 'Петрослава Братанова', 6, 2),
	(133, 'Петър Николаев Панайотов', 6, 2),
	(134, 'Петър Стоилов Жотев', 6, 2),
	(135, 'Полина Димитрова Димитрова', 6, 2),
	(136, 'Рая Стефанова Нинева', 6, 2),
	(137, 'Росислава Росенова Стоянова', 6, 2),
	(138, 'Симона Николова Диловска', 6, 2),
	(139, 'София Иванова Милевска', 6, 2),
	(140, 'Станислава Минчева', 6, 2),
	(141, 'Стефан Юлианов Драгославов', 6, 2),
	(142, 'Теодор Георгиев Малчев', 6, 2),
	(143, 'Теодора Николаева Маринова', 6, 2),
	(144, 'Тереза Христова Ламбова', 6, 2),
	(145, 'Томас Мартинов Белитц', 6, 2),
	(146, 'Хари Рашков Ковачев', 6, 2),
	(147, 'Юлиян Даниелов Колев', 6, 2),
	(148, 'Яница Атанасова Иванова', 6, 2),
	(149, 'Ясен Владев Кирилов', 6, 2),
	(150, 'Алекс Петров Петров', 7, 3),
	(151, 'Александър Венциславов Банков', 7, 3),
	(152, 'Александър Георгиев Димитров', 7, 3),
	(153, 'Андон Ивайлов Тодоров', 7, 3),
	(154, 'Андрей Сашов Митов', 7, 3),
	(155, 'Анна Веселинова Дочева', 7, 3),
	(156, 'Апостол Георгиев Спасов', 7, 3),
	(157, 'Божидар Павлов Бонев', 7, 3),
	(158, 'Боил Юлиянов Христов', 7, 3),
	(159, 'Борис Иванов Костов', 7, 3),
	(160, 'Борис Насков Василев', 7, 3),
	(161, 'Борис Пламенов Нинков', 7, 3),
	(162, 'Валери Чавдаров Ванков', 7, 3),
	(163, 'Васил Георгиев Чиров', 7, 3),
	(164, 'Вероника Ивайлова Ченчева', 7, 3),
	(165, 'Виктор Евгениев Алексиев', 7, 3),
	(166, 'Виктор Пламенов Койчев', 7, 3),
	(167, 'Владислав Ивайлов Георгиев', 7, 3),
	(168, 'Ву Суан Фонг', 7, 3),
	(169, 'Габриела Любомирова Любенова', 7, 3),
	(170, 'Георги Дианов Динков', 7, 3),
	(171, 'Георги Димитров Вълков', 7, 3),
	(172, 'Георги Красимиров Балтиев', 7, 3),
	(173, 'Георги Пейчев Пеев', 7, 3),
	(174, 'Гергана Тодорова Тагарева', 7, 3),
	(175, 'Гриша Ивов Лилов', 7, 3),
	(176, 'Даниел Владимиров Василев', 7, 3),
	(177, 'Даниел Николаев Рачев', 7, 3),
	(178, 'Даниел Николов Вучков', 7, 3),
	(179, 'Десислава Пламенова Николова', 7, 3),
	(180, 'Десислава Свиленова Шунина', 7, 3),
	(181, 'Димитър Ангелов Митов', 7, 3),
	(182, 'Емили Едуард Кайн', 7, 3),
	(183, 'Зоя Тодорова Йотова', 7, 3),
	(184, 'Иван Валентинов Божанин', 7, 3),
	(185, 'Иван Росенов Маринов', 7, 3),
	(186, 'Йоана Николаева Ангелова', 7, 3),
	(187, 'Калина Александрова Николова', 7, 3),
	(188, 'Калоян Ангелов Георгиев', 7, 3),
	(189, 'Калоян Дойчинов Дочев', 7, 3),
	(190, 'Кирил Александров Александров', 7, 3),
	(191, 'Константин Каменов Каменов', 7, 3),
	(192, 'Константин Христов Илиев', 7, 3),
	(193, 'Кристиан Георгиев Христов', 7, 3),
	(194, 'Мариам Георгиева Дочева', 7, 3),
	(195, 'Марин Йорданов Йорданов', 7, 3),
	(196, 'Мартин Дамянов Неев', 7, 3),
	(197, 'Мартин Димитров Димитров', 7, 3),
	(198, 'Мартин Ивайлов Христов', 7, 3),
	(199, 'Мартин Радославов Иванов', 7, 3),
	(200, 'Мартин Светославов Давидов', 7, 3),
	(201, 'Милко Иванов Бакалов', 7, 3),
	(202, 'Никола Кирилов Драганов', 7, 3),
	(203, 'Николай Пламенов Дичев', 7, 3),
	(204, 'Николай Тодоров Михов', 7, 3),
	(205, 'Павел Иванов Панев', 7, 3),
	(206, 'Персиан Любомиров Турсунов', 7, 3),
	(207, 'Петър Иво Михайлов', 7, 3),
	(208, 'Ралица Николаева Ралева', 7, 3),
	(209, 'Ролф Кирил Магнусон', 7, 3),
	(210, 'Росица Лъчезарова Захариева', 7, 3),
	(211, 'Румен Веселинов Костов', 7, 3),
	(212, 'Румяна Иван-Асен Иванова', 7, 3),
	(213, 'Симеон Бориславов Дачев', 7, 3),
	(214, 'Слав Христов Петков', 7, 3),
	(215, 'София Миленова Димиева', 7, 3),
	(216, 'Спас Жеков Димитров', 7, 3),
	(217, 'Стефан Ивайлов Иванов', 7, 3),
	(218, 'Стефани Мирославова Тодорова', 7, 3),
	(219, 'Стефани Петрова Христова', 7, 3),
	(220, 'Стефанка Тодорова Манахова', 7, 3),
	(221, 'Стилян Пламенов Пенчев', 7, 3),
	(222, 'Теодор Младенов Алексиев', 7, 3),
	(223, 'Томислав Миленов Димитров', 7, 3),
	(224, 'Цвета Иванова Миндиликова', 7, 3),
	(225, 'Цветан Христов Станчев', 7, 3),
	(226, 'Александър Стоянов Недков', 8, 4),
	(227, 'Анна Росенова Михалкова', 8, 4),
	(228, 'Борис Георгиев Горанов', 8, 4),
	(229, 'Валентин Ивов Николов', 8, 4),
	(230, 'Виктор Владимиров Василев', 8, 4),
	(231, 'Виктор Стилиянов Колев', 8, 4),
	(232, 'Владимир Пламенов Петков', 8, 4),
	(233, 'Георги Ивов Цонков', 8, 4),
	(234, 'Георги Илиянов Иванов', 8, 4),
	(235, 'Даниела Параскевова Бенчева', 8, 4),
	(236, 'Димитър Бонев Щрегарски', 8, 4),
	(237, 'Димитър Светославов Младжов', 8, 4),
	(238, 'Димитър Стоилов Стоилов', 8, 4),
	(239, 'Диян Христинов Димитров', 8, 4),
	(240, 'Ева Ивайлова Кортезова', 8, 4),
	(241, 'Елизабет Росенова Халваджиева', 8, 4),
	(242, 'Иван Валентинов Златев', 8, 4),
	(243, 'Иван Венциславов Георгиев', 8, 4),
	(244, 'Изабел Галинова Сотирова', 8, 4),
	(245, 'Йоан Найденов Найденов', 8, 4),
	(246, 'Йоана Петрова Кичева', 8, 4),
	(247, 'Йоана Юлиянова Кирилова', 8, 4),
	(248, 'Калина Каменова Стойкова', 8, 4),
	(249, 'Калоян Тодоров Фачиков', 8, 4),
	(250, 'Кристиян Николаев Кюричиев', 8, 4),
	(251, 'Лилиана Велизар Чернев', 8, 4),
	(252, 'Любослав Владимиров Панайотов', 8, 4),
	(253, 'Маргарита Велчева Стефанова', 8, 4),
	(254, 'Мартин Владимиров Василев', 8, 4),
	(255, 'Мая Петрова Панова', 8, 4),
	(256, 'Никола Боянов Джунов', 8, 4),
	(257, 'Никола Мартинов Стайков', 8, 4),
	(258, 'Николай Николаев Георгиев', 8, 4),
	(259, 'Огнян Ясенов Минов', 8, 4),
	(260, 'Радослав Бориславов Драганов', 8, 4),
	(261, 'Самуил Троянов Радулов', 8, 4),
	(262, 'Светлин Красимиров Лалов', 8, 4),
	(263, 'Стефан Мартинов Хаджистойков', 8, 4),
	(264, 'Теодора Веселинова Христова', 8, 4),
	(265, 'Филип Ивайлов Марков', 8, 4),
	(266, 'Асен Светлинов Марков', 9, 5),
	(267, 'Борис Тодоров Панайотов', 9, 5),
	(268, 'Васил Валентинов Пирински', 9, 5),
	(269, 'Владимир Лъчезаров Железарски', 9, 5),
	(270, 'Гергана Василева Чолакова', 9, 5),
	(271, 'Дамян Стоянов Францов', 9, 5),
	(272, 'Деница Петрова Павлова', 9, 5),
	(273, 'Димо Димов Чанев', 9, 5),
	(274, 'Евгени Стаев Кайряков', 9, 5),
	(275, 'Игесн Михаилова Симеонова', 9, 5),
	(276, 'Йоан Миленов Минев', 9, 5),
	(277, 'Калоян Михайлов Съйков', 9, 5),
	(278, 'Лазарина Живкова Попова', 9, 5),
	(279, 'Лилия Петрова Вигенина', 9, 5),
	(280, 'Мартин Кирилов Димитров', 9, 5),
	(281, 'Мартин Русланов Германов', 9, 5),
	(282, 'Мартин Стефанов Теохаров', 9, 5),
	(283, 'Радослав Радославов Велчев', 9, 5),
	(284, 'Спас Николаев Николов', 9, 5),
	(285, 'Станислав Чавдаров Николов', 9, 5),
	(286, 'Стефания Цветанова Цветкова', 9, 5),
	(287, 'Ханг Хоанг Та', 9, 5),
	(288, 'Явор Михайлов Михайлов', 9, 5),
	(289, 'Александър Ангелов Ангелов', 11, 6),
	(290, 'Борис Александров Барбов', 10, 6),
	(291, 'Виктор Николаев Терзиев', 11, 6),
	(292, 'Георги Георгиев Ангелов', 10, 6),
	(293, 'Денислав Георгиев Георгиев', 10, 6),
	(294, 'Иван Александров Дурев', 10, 6),
	(295, 'Илия Лазаров Божинов', 11, 6),
	(296, 'Илия Петров Кичев', 11, 6),
	(297, 'Люба Венелинова Конова', 10, 6),
	(298, 'Мария Бориславова Петкова', 10, 6),
	(299, 'Никола Иванов Секулов', 10, 6),
	(300, 'Никола Иванов Янакиев', 10, 6),
	(301, 'Пламен Тодоров Иванов', 10, 6),
	(302, 'Радостин Станиславов Георгиев', 11, 6),
	(303, 'Светослав Георгиев Василев', 11, 6),
	(304, 'Евелина Александрова Костадинова', 10, 6),
	(305, 'Александра Александрова Костадинова', 10, 6),
	(306, 'Димитър Любенов', 10, 6),
	(307, 'Атанас Динев', 10, 6),
	(308, 'Константин Гаров', 10, 6),
	(309, 'Иван Ганев', 10, 6),
	(310, 'test123', 10, 6),
	(311, 'test1234', 10, 6),
	(312, 'Алек Кристианов Димитров', 9, 5),
	(313, 'Александър Живодаров Василев', 9, 5),
	(314, 'Ангел Бъров', 6, 2),
	(315, 'Иван Кюлафлийски', 6, 2),
	(316, 'Мартин Караиванов', 6, 2),
	(317, 'Георги Димитров', 7, 3),
	(318, 'Никола Юрий Грудев', 7, 3),
	(319, 'Вероника Тихомирова Тодорова', 6, 2),
	(320, 'Димитър Живков', 6, 2),
	(321, 'Никола Контев', 6, 2),
	(322, 'Александър Мартинов Николов', 6, 2),
	(323, 'Ива Радева', 6, 2),
	(324, 'Богдан Стефанов', 6, 2),
	(325, 'Васил Василев Райков', 6, 2),
	(326, 'Троян Владимиров Крумов', 6, 2),
	(327, 'Цветомир Иванов', 7, 3),
	(333, 'Огнян Минов', 5, 1),
	(334, 'Огнян Сарафов', 5, 1),
	(335, 'Биляна Димитрова Димитрова', 5, 1),
	(336, 'Константин Дичев', 5, 1),
	(338, 'Ива Радоева', 6, 2),
	(339, 'Александрина Иванова', 9, 5);
/*!40000 ALTER TABLE `competitors` ENABLE KEYS */;

-- Dumping data for table maths_results.problems: ~36 rows (approximately)
DELETE FROM `problems`;
/*!40000 ALTER TABLE `problems` DISABLE KEYS */;
INSERT INTO `problems` (`id`, `number`, `competition_id`, `link`) VALUES
	(1, 1, 1, '#'),
	(2, 2, 1, '#'),
	(3, 3, 1, '#'),
	(4, 4, 1, '#'),
	(5, 5, 1, '#'),
	(6, 6, 1, '#'),
	(7, 1, 2, '#'),
	(8, 2, 2, '#'),
	(9, 3, 2, '#'),
	(10, 4, 2, '#'),
	(11, 5, 2, '#'),
	(12, 6, 2, '#'),
	(13, 1, 3, '#'),
	(14, 2, 3, '#'),
	(15, 3, 3, '#'),
	(16, 4, 3, '#'),
	(17, 5, 3, '#'),
	(18, 6, 3, '#'),
	(19, 1, 4, '#'),
	(20, 2, 4, '#'),
	(21, 3, 4, '#'),
	(22, 4, 4, '#'),
	(23, 5, 4, '#'),
	(24, 6, 4, '#'),
	(25, 1, 5, '#'),
	(26, 2, 5, '#'),
	(27, 3, 5, '#'),
	(28, 4, 5, '#'),
	(29, 5, 5, '#'),
	(30, 6, 5, '#'),
	(31, 1, 6, '#'),
	(32, 2, 6, '#'),
	(33, 3, 6, '#'),
	(34, 4, 6, '#'),
	(35, 5, 6, '#'),
	(36, 6, 6, '#');
/*!40000 ALTER TABLE `problems` ENABLE KEYS */;

-- Dumping data for table maths_results.results: ~845 rows (approximately)
DELETE FROM `results`;
/*!40000 ALTER TABLE `results` DISABLE KEYS */;
INSERT INTO `results` (`admin_id`, `competitor_id`, `problem_id`, `result`, `time`) VALUES
	(6, 99, 11, 10, '2017-04-27 20:53:18'),
	(6, 85, 11, 8, '2017-04-27 20:53:38'),
	(6, 88, 11, 8, '2017-04-27 20:53:58'),
	(6, 111, 11, 8, '2017-04-27 20:54:21'),
	(6, 89, 11, 7, '2017-04-27 20:54:36'),
	(6, 86, 11, 8, '2017-04-27 20:55:05'),
	(6, 109, 11, 10, '2017-04-27 20:55:30'),
	(6, 108, 11, 7, '2017-04-27 20:55:48'),
	(6, 106, 11, 1, '2017-04-27 20:56:42'),
	(6, 107, 11, 8, '2017-04-27 20:57:03'),
	(6, 105, 11, 7, '2017-04-27 20:57:14'),
	(6, 104, 11, 5, '2017-04-27 20:57:32'),
	(6, 102, 11, 8, '2017-04-27 20:58:36'),
	(6, 144, 11, 8, '2017-04-27 20:59:10'),
	(6, 100, 11, 7, '2017-04-27 20:59:30'),
	(6, 122, 11, 7, '2017-04-27 20:59:55'),
	(8, 1, 1, 2, '2017-04-27 21:30:28'),
	(8, 1, 1, -1, '2017-04-27 21:30:31'),
	(3, 304, 35, 2, '2017-04-27 21:38:08'),
	(3, 293, 35, 2, '2017-04-27 21:38:23'),
	(3, 293, 35, -1, '2017-04-27 21:41:14'),
	(3, 304, 35, -1, '2017-04-27 21:41:24'),
	(3, 293, 34, 2, '2017-04-27 21:42:11'),
	(3, 304, 34, 2, '2017-04-27 21:42:19'),
	(3, 303, 34, 2, '2017-04-27 21:42:34'),
	(3, 299, 34, 2, '2017-04-27 21:42:46'),
	(3, 301, 34, 10, '2017-04-27 21:43:00'),
	(3, 300, 34, 0, '2017-04-27 21:43:12'),
	(3, 297, 34, 5, '2017-04-27 21:43:23'),
	(3, 290, 34, 8, '2017-04-27 21:43:32'),
	(3, 306, 34, 8, '2017-04-27 21:52:11'),
	(3, 307, 34, 10, '2017-04-27 21:52:26'),
	(3, 308, 34, 5, '2017-04-27 21:52:35'),
	(3, 309, 34, 8, '2017-04-27 21:52:39'),
	(3, 290, 33, 10, '2017-04-27 22:00:53'),
	(3, 305, 33, 1, '2017-04-27 22:01:22'),
	(3, 292, 33, 1, '2017-04-27 22:01:35'),
	(3, 293, 33, 0, '2017-04-27 22:01:42'),
	(3, 307, 33, 9, '2017-04-27 22:01:53'),
	(3, 308, 33, 10, '2017-04-27 22:02:00'),
	(3, 309, 33, 10, '2017-04-27 22:02:07'),
	(3, 299, 33, 3, '2017-04-27 22:02:15'),
	(3, 301, 33, 1, '2017-04-27 22:02:27'),
	(3, 304, 33, 6, '2017-04-27 22:02:35'),
	(3, 284, 29, 0, '2017-04-27 22:03:37'),
	(3, 277, 29, 0, '2017-04-27 22:03:51'),
	(3, 267, 29, 10, '2017-04-27 22:03:59'),
	(3, 285, 29, 0, '2017-04-27 22:04:37'),
	(3, 286, 29, 0, '2017-04-27 22:04:44'),
	(3, 273, 29, 0, '2017-04-27 22:05:00'),
	(3, 269, 29, 10, '2017-04-27 22:05:09'),
	(3, 280, 29, 10, '2017-04-27 22:05:23'),
	(3, 281, 29, 10, '2017-04-27 22:05:32'),
	(3, 283, 29, 10, '2017-04-27 22:05:42'),
	(3, 275, 29, 1, '2017-04-27 22:07:39'),
	(3, 312, 29, 10, '2017-04-27 22:37:01'),
	(3, 312, 28, 9, '2017-04-27 22:38:47'),
	(3, 313, 28, 1, '2017-04-27 22:39:28'),
	(3, 285, 28, 1, '2017-04-27 22:39:40'),
	(3, 273, 28, 1, '2017-04-27 22:39:52'),
	(3, 281, 28, 1, '2017-04-27 22:40:04'),
	(3, 283, 28, 1, '2017-04-27 22:40:13'),
	(8, 123, 11, 7, '2017-04-28 11:20:16'),
	(8, 115, 11, 6, '2017-04-28 11:20:43'),
	(8, 314, 11, 3, '2017-04-28 11:21:24'),
	(8, 90, 11, 4, '2017-04-28 11:21:50'),
	(8, 315, 11, 1, '2017-04-28 11:23:02'),
	(8, 316, 11, 3, '2017-04-28 11:23:46'),
	(4, 281, 27, 3, '2017-04-28 16:31:44'),
	(4, 267, 27, 3, '2017-04-28 16:32:03'),
	(4, 313, 27, 0, '2017-04-28 16:32:25'),
	(4, 285, 27, 1, '2017-04-28 16:32:49'),
	(4, 263, 20, 1, '2017-04-28 16:35:25'),
	(4, 232, 20, 1, '2017-04-28 16:35:40'),
	(4, 239, 20, 1, '2017-04-28 16:36:00'),
	(4, 236, 20, 0, '2017-04-28 16:36:17'),
	(4, 249, 20, 1, '2017-04-28 16:36:34'),
	(4, 257, 20, 1, '2017-04-28 16:36:52'),
	(4, 246, 20, 1, '2017-04-28 16:37:16'),
	(4, 245, 20, 0, '2017-04-28 16:37:27'),
	(4, 290, 31, 0, '2017-04-28 16:38:59'),
	(4, 308, 31, 10, '2017-04-28 16:39:20'),
	(4, 307, 31, 6, '2017-04-28 16:39:43'),
	(4, 309, 31, 0, '2017-04-28 16:39:48'),
	(4, 304, 36, 2, '2017-04-28 16:40:47'),
	(4, 290, 36, 10, '2017-04-28 16:40:58'),
	(4, 307, 36, 10, '2017-04-28 16:41:11'),
	(4, 297, 36, 10, '2017-04-28 16:41:22'),
	(4, 300, 36, 0, '2017-04-28 16:41:31'),
	(4, 292, 36, 10, '2017-04-28 16:41:42'),
	(4, 293, 36, 10, '2017-04-28 16:42:14'),
	(4, 306, 36, 9, '2017-04-28 16:42:25'),
	(4, 308, 36, 8, '2017-04-28 16:42:41'),
	(4, 309, 36, 10, '2017-04-28 16:42:51'),
	(4, 299, 36, 10, '2017-04-28 16:43:02'),
	(4, 301, 36, 5, '2017-04-28 16:43:13'),
	(4, 305, 32, 0, '2017-04-28 16:43:37'),
	(4, 304, 32, 0, '2017-04-28 16:43:49'),
	(4, 306, 32, 10, '2017-04-28 16:44:08'),
	(4, 307, 32, 10, '2017-04-28 16:44:20'),
	(4, 308, 32, 10, '2017-04-28 16:44:54'),
	(4, 309, 32, 10, '2017-04-28 16:45:05'),
	(4, 303, 32, 0, '2017-04-28 16:45:17'),
	(4, 299, 32, 10, '2017-04-28 16:45:26'),
	(4, 300, 32, 0, '2017-04-28 16:45:40'),
	(4, 301, 32, 3, '2017-04-28 16:45:58'),
	(4, 297, 32, 0, '2017-04-28 16:46:07'),
	(4, 306, 35, 0, '2017-04-28 16:46:53'),
	(4, 308, 35, 10, '2017-04-28 16:47:01'),
	(4, 307, 35, 9, '2017-04-28 16:47:08'),
	(4, 309, 35, 10, '2017-04-28 16:47:17'),
	(3, 227, 24, 6, '2017-04-28 19:19:41'),
	(3, 253, 24, 10, '2017-04-28 19:19:57'),
	(3, 236, 24, 0, '2017-04-28 19:20:10'),
	(3, 239, 24, 2, '2017-04-28 19:20:19'),
	(3, 240, 24, 9, '2017-04-28 19:21:19'),
	(3, 232, 24, 0, '2017-04-28 19:21:28'),
	(3, 231, 24, 1, '2017-04-28 19:21:42'),
	(3, 228, 24, 0, '2017-04-28 19:21:52'),
	(3, 255, 24, 0, '2017-04-28 19:22:04'),
	(3, 246, 24, 2, '2017-04-28 19:22:13'),
	(3, 243, 24, 10, '2017-04-28 19:22:25'),
	(3, 257, 24, 10, '2017-04-28 19:22:37'),
	(3, 256, 24, 8, '2017-04-28 19:22:47'),
	(3, 249, 24, 9, '2017-04-28 19:23:19'),
	(3, 245, 24, 10, '2017-04-28 19:23:27'),
	(3, 205, 16, 5, '2017-04-28 19:24:33'),
	(3, 200, 16, 0, '2017-04-28 19:24:42'),
	(3, 198, 16, 0, '2017-04-28 19:24:52'),
	(3, 206, 16, 5, '2017-04-28 19:25:03'),
	(3, 207, 16, 0, '2017-04-28 19:25:19'),
	(3, 189, 16, 0, '2017-04-28 19:25:30'),
	(3, 191, 16, 5, '2017-04-28 19:25:39'),
	(3, 187, 16, 10, '2017-04-28 19:26:05'),
	(3, 164, 16, 8, '2017-04-28 19:26:14'),
	(3, 171, 16, 10, '2017-04-28 19:26:23'),
	(3, 163, 16, 8, '2017-04-28 19:27:05'),
	(3, 196, 16, 0, '2017-04-28 19:27:17'),
	(3, 159, 16, 10, '2017-04-28 19:27:30'),
	(3, 160, 16, 2, '2017-04-28 19:27:37'),
	(3, 152, 16, 2, '2017-04-28 19:27:51'),
	(3, 220, 16, 10, '2017-04-28 19:28:05'),
	(3, 178, 16, 0, '2017-04-28 19:28:19'),
	(3, 186, 16, 10, '2017-04-28 19:28:33'),
	(3, 317, 16, 10, '2017-04-28 19:30:45'),
	(3, 225, 16, 10, '2017-04-28 19:31:00'),
	(3, 318, 16, 5, '2017-04-28 19:32:06'),
	(3, 181, 16, 8, '2017-04-28 19:32:34'),
	(3, 179, 16, 10, '2017-04-28 19:32:44'),
	(3, 184, 16, 1, '2017-04-28 19:32:52'),
	(8, 319, 11, 7, '2017-04-28 20:01:21'),
	(8, 320, 11, 6, '2017-04-28 20:02:47'),
	(8, 321, 11, 7, '2017-04-28 20:03:25'),
	(8, 97, 11, 3, '2017-04-28 20:03:47'),
	(8, 93, 11, 2, '2017-04-28 20:04:01'),
	(8, 141, 11, 6, '2017-04-28 20:04:19'),
	(8, 322, 11, 3, '2017-04-28 20:05:15'),
	(8, 101, 11, 0, '2017-04-28 20:05:40'),
	(8, 146, 11, 0, '2017-04-28 20:05:59'),
	(8, 136, 11, 0, '2017-04-28 20:06:15'),
	(8, 142, 11, 7, '2017-04-28 20:06:29'),
	(8, 145, 11, 6, '2017-04-28 20:06:46'),
	(8, 92, 11, 7, '2017-04-28 20:07:03'),
	(8, 140, 11, 7, '2017-04-28 20:07:38'),
	(8, 323, 11, 8, '2017-04-28 20:15:49'),
	(8, 96, 11, 2, '2017-04-28 20:16:10'),
	(8, 324, 11, 4, '2017-04-28 20:16:59'),
	(3, 214, 14, 9, '2017-04-28 20:35:35'),
	(3, 214, 16, 10, '2017-04-28 20:35:49'),
	(3, 214, 17, 7, '2017-04-28 20:36:02'),
	(3, 214, 18, 0, '2017-04-28 20:36:15'),
	(3, 208, 16, 7, '2017-04-28 20:36:50'),
	(3, 208, 17, 5, '2017-04-28 20:37:07'),
	(3, 208, 18, 4, '2017-04-28 20:44:16'),
	(3, 217, 14, 10, '2017-04-28 20:44:37'),
	(3, 217, 18, 5, '2017-04-28 20:44:57'),
	(3, 217, 15, 8, '2017-04-28 20:45:08'),
	(3, 217, 16, 9, '2017-04-28 20:45:19'),
	(3, 217, 17, 3, '2017-04-28 20:45:30'),
	(3, 210, 14, 10, '2017-04-28 20:46:36'),
	(3, 210, 13, 0, '2017-04-28 20:46:42'),
	(3, 210, 15, 8, '2017-04-28 20:47:08'),
	(3, 210, 16, 10, '2017-04-28 20:47:08'),
	(3, 210, 17, 5, '2017-04-28 20:47:27'),
	(3, 210, 18, 1, '2017-04-28 20:47:42'),
	(1, 266, 26, 0, '2017-04-30 22:03:00'),
	(1, 267, 26, 1, '2017-04-30 22:03:13'),
	(1, 273, 26, 0, '2017-04-30 22:03:29'),
	(1, 281, 26, 0, '2017-04-30 22:03:50'),
	(1, 283, 26, 0, '2017-04-30 22:04:01'),
	(1, 312, 26, 1, '2017-04-30 22:04:16'),
	(1, 286, 26, 5, '2017-04-30 22:05:06'),
	(1, 313, 26, 5, '2017-04-30 22:05:18'),
	(1, 247, 23, 2, '2017-04-30 22:06:28'),
	(1, 245, 23, 0, '2017-04-30 22:06:35'),
	(1, 257, 23, 10, '2017-04-30 22:06:46'),
	(1, 243, 23, 3, '2017-04-30 22:07:05'),
	(1, 244, 23, 3, '2017-04-30 22:07:11'),
	(1, 246, 23, 3, '2017-04-30 22:07:34'),
	(1, 255, 23, 6, '2017-04-30 22:07:44'),
	(1, 228, 23, 0, '2017-04-30 22:07:53'),
	(1, 230, 23, 10, '2017-04-30 22:08:01'),
	(1, 227, 23, 10, '2017-04-30 22:08:09'),
	(1, 231, 23, 3, '2017-04-30 22:08:15'),
	(1, 263, 23, 5, '2017-04-30 22:08:30'),
	(1, 233, 23, 2, '2017-04-30 22:08:42'),
	(1, 234, 23, 2, '2017-04-30 22:08:48'),
	(1, 232, 23, 10, '2017-04-30 22:09:00'),
	(1, 240, 23, 7, '2017-04-30 22:09:20'),
	(1, 239, 23, 10, '2017-04-30 22:09:32'),
	(1, 258, 23, 2, '2017-04-30 22:09:44'),
	(1, 236, 23, 2, '2017-04-30 22:10:00'),
	(1, 253, 23, 10, '2017-04-30 22:10:07'),
	(1, 251, 23, 3, '2017-04-30 22:10:16'),
	(1, 254, 23, 8, '2017-04-30 22:10:28'),
	(1, 249, 23, 6, '2017-04-30 22:10:41'),
	(1, 235, 23, 10, '2017-04-30 22:10:51'),
	(1, 205, 15, 9, '2017-04-30 22:13:01'),
	(1, 200, 15, 10, '2017-04-30 22:13:19'),
	(1, 206, 15, 10, '2017-04-30 22:13:38'),
	(1, 207, 15, 0, '2017-04-30 22:13:45'),
	(1, 189, 15, 0, '2017-04-30 22:13:58'),
	(1, 191, 15, 7, '2017-04-30 22:14:28'),
	(1, 187, 15, 2, '2017-04-30 22:14:43'),
	(1, 173, 15, 6, '2017-04-30 22:14:56'),
	(1, 171, 15, 9, '2017-04-30 22:15:03'),
	(1, 163, 15, 0, '2017-04-30 22:15:14'),
	(1, 179, 15, 10, '2017-04-30 22:15:22'),
	(1, 184, 15, 10, '2017-04-30 22:15:36'),
	(1, 181, 15, 9, '2017-04-30 22:15:59'),
	(1, 223, 15, 0, '2017-04-30 22:16:12'),
	(1, 225, 15, 0, '2017-04-30 22:17:03'),
	(1, 317, 15, 0, '2017-04-30 22:17:13'),
	(1, 318, 15, 0, '2017-04-30 22:17:21'),
	(1, 150, 15, 0, '2017-04-30 22:17:36'),
	(1, 212, 15, 6, '2017-04-30 22:17:50'),
	(1, 208, 15, 0, '2017-04-30 22:18:09'),
	(1, 220, 15, 9, '2017-04-30 22:18:15'),
	(1, 216, 15, 10, '2017-04-30 22:18:23'),
	(1, 160, 15, 0, '2017-04-30 22:18:33'),
	(1, 315, 7, 10, '2017-04-30 22:20:37'),
	(1, 316, 7, 0, '2017-04-30 22:20:46'),
	(1, 90, 7, 10, '2017-04-30 22:21:03'),
	(1, 320, 7, 7, '2017-04-30 22:21:38'),
	(1, 319, 7, 10, '2017-04-30 22:21:47'),
	(1, 314, 7, 10, '2017-04-30 22:22:22'),
	(1, 321, 7, 2, '2017-04-30 22:22:31'),
	(1, 93, 7, 6, '2017-04-30 22:22:46'),
	(1, 148, 7, 10, '2017-04-30 22:22:56'),
	(1, 141, 7, 3, '2017-04-30 22:23:10'),
	(1, 322, 7, 4, '2017-04-30 22:23:28'),
	(1, 101, 7, 5, '2017-04-30 22:23:45'),
	(1, 146, 7, 10, '2017-04-30 22:23:57'),
	(1, 145, 7, 4, '2017-04-30 22:24:11'),
	(1, 140, 7, 2, '2017-04-30 22:24:45'),
	(1, 114, 7, 4, '2017-04-30 22:24:57'),
	(1, 92, 7, 10, '2017-04-30 22:25:08'),
	(1, 138, 7, 5, '2017-04-30 22:25:22'),
	(1, 323, 7, 9, '2017-04-30 22:25:43'),
	(1, 119, 7, 4, '2017-04-30 22:26:13'),
	(1, 115, 7, 6, '2017-04-30 22:27:30'),
	(1, 123, 7, 10, '2017-04-30 22:27:39'),
	(1, 122, 7, 0, '2017-04-30 22:27:50'),
	(1, 91, 7, 5, '2017-04-30 22:28:01'),
	(1, 99, 7, 0, '2017-04-30 22:28:10'),
	(1, 134, 7, 1, '2017-04-30 22:28:31'),
	(1, 117, 7, 4, '2017-04-30 22:28:42'),
	(1, 100, 7, 10, '2017-04-30 22:28:50'),
	(1, 144, 7, 10, '2017-04-30 22:29:04'),
	(1, 120, 7, 10, '2017-04-30 22:29:20'),
	(1, 118, 7, 0, '2017-04-30 22:29:32'),
	(1, 102, 7, 10, '2017-04-30 22:29:46'),
	(1, 106, 7, 0, '2017-04-30 22:30:00'),
	(1, 104, 7, 10, '2017-04-30 22:30:06'),
	(1, 105, 7, 4, '2017-04-30 22:30:16'),
	(1, 107, 7, 10, '2017-04-30 22:30:28'),
	(1, 108, 7, 6, '2017-04-30 22:30:38'),
	(1, 324, 7, 0, '2017-04-30 22:30:53'),
	(1, 109, 7, 8, '2017-04-30 22:31:15'),
	(1, 86, 7, 6, '2017-04-30 22:31:29'),
	(1, 89, 7, 0, '2017-04-30 22:31:54'),
	(1, 111, 7, 10, '2017-04-30 22:32:11'),
	(1, 88, 7, 10, '2017-04-30 22:32:24'),
	(1, 316, 12, 10, '2017-04-30 22:33:12'),
	(1, 315, 12, 4, '2017-04-30 22:33:19'),
	(1, 319, 12, 10, '2017-04-30 22:33:48'),
	(1, 90, 12, 10, '2017-04-30 22:34:04'),
	(1, 320, 12, 10, '2017-04-30 22:34:13'),
	(1, 314, 12, 10, '2017-04-30 22:34:40'),
	(1, 321, 12, 9, '2017-04-30 22:34:54'),
	(1, 97, 12, 10, '2017-04-30 22:35:09'),
	(1, 93, 12, 10, '2017-04-30 22:35:18'),
	(1, 148, 12, 10, '2017-04-30 22:35:26'),
	(1, 322, 12, 10, '2017-04-30 22:35:33'),
	(1, 147, 12, 10, '2017-04-30 22:35:51'),
	(1, 136, 12, 10, '2017-04-30 22:35:59'),
	(1, 141, 12, 10, '2017-04-30 22:36:08'),
	(1, 142, 12, 10, '2017-04-30 22:36:17'),
	(1, 145, 12, 10, '2017-04-30 22:36:32'),
	(1, 116, 12, 10, '2017-04-30 22:36:42'),
	(1, 92, 12, 10, '2017-04-30 22:36:53'),
	(1, 140, 12, 10, '2017-04-30 22:37:06'),
	(1, 114, 12, 10, '2017-04-30 22:37:39'),
	(1, 138, 12, 5, '2017-04-30 22:38:01'),
	(1, 323, 12, 10, '2017-04-30 22:38:14'),
	(1, 119, 12, 3, '2017-04-30 22:38:24'),
	(1, 96, 12, 10, '2017-04-30 22:38:43'),
	(1, 115, 12, 10, '2017-04-30 22:38:57'),
	(1, 123, 12, 10, '2017-04-30 22:39:04'),
	(1, 91, 12, 10, '2017-04-30 22:39:15'),
	(1, 122, 12, 10, '2017-04-30 22:39:26'),
	(1, 100, 12, 10, '2017-04-30 22:39:32'),
	(1, 144, 12, 10, '2017-04-30 22:39:41'),
	(1, 120, 12, 10, '2017-04-30 22:39:58'),
	(1, 118, 12, 10, '2017-04-30 22:40:08'),
	(1, 102, 12, 10, '2017-04-30 22:40:17'),
	(1, 104, 12, 10, '2017-04-30 22:40:26'),
	(1, 107, 12, 9, '2017-04-30 22:40:36'),
	(1, 106, 12, 1, '2017-04-30 22:40:43'),
	(1, 324, 12, 10, '2017-04-30 22:41:47'),
	(1, 108, 12, 10, '2017-04-30 22:42:04'),
	(1, 109, 12, 10, '2017-04-30 22:42:12'),
	(1, 86, 12, 8, '2017-04-30 22:42:34'),
	(1, 111, 12, 10, '2017-04-30 22:42:43'),
	(1, 89, 12, 4, '2017-04-30 22:42:50'),
	(1, 88, 12, 10, '2017-04-30 22:42:58'),
	(1, 85, 12, 10, '2017-04-30 22:43:05'),
	(1, 325, 12, 10, '2017-04-30 22:44:24'),
	(1, 326, 12, 10, '2017-04-30 22:44:52'),
	(1, 325, 7, 4, '2017-04-30 22:45:04'),
	(1, 128, 12, 10, '2017-04-30 22:48:13'),
	(1, 128, 7, 4, '2017-04-30 22:49:36'),
	(1, 261, 23, 0, '2017-04-30 22:50:59'),
	(8, 327, 18, 4, '2017-05-01 10:50:27'),
	(8, 152, 18, 4, '2017-05-01 10:53:13'),
	(8, 158, 18, 6, '2017-05-01 10:53:34'),
	(8, 216, 18, 8, '2017-05-01 10:54:05'),
	(8, 220, 18, 10, '2017-05-01 10:54:26'),
	(8, 212, 18, 0, '2017-05-01 10:55:32'),
	(8, 150, 18, 3, '2017-05-01 10:56:01'),
	(1, 134, 12, 10, '2017-05-01 10:56:31'),
	(8, 178, 18, 6, '2017-05-01 10:56:48'),
	(8, 177, 18, 6, '2017-05-01 10:57:04'),
	(8, 186, 18, 6, '2017-05-01 10:57:24'),
	(8, 225, 18, 0, '2017-05-01 10:57:48'),
	(8, 318, 18, 6, '2017-05-01 10:58:05'),
	(8, 179, 18, 10, '2017-05-01 10:58:30'),
	(8, 196, 18, 6, '2017-05-01 11:00:20'),
	(8, 163, 18, 6, '2017-05-01 11:00:42'),
	(8, 171, 18, 3, '2017-05-01 11:01:04'),
	(8, 164, 18, 4, '2017-05-01 11:01:23'),
	(8, 187, 18, 7, '2017-05-01 11:01:45'),
	(8, 191, 18, 10, '2017-05-01 11:02:06'),
	(8, 189, 18, 4, '2017-05-01 11:02:25'),
	(8, 207, 18, 4, '2017-05-01 11:03:02'),
	(8, 206, 18, 9, '2017-05-01 11:03:29'),
	(8, 198, 18, 0, '2017-05-01 11:04:01'),
	(8, 200, 18, 9, '2017-05-01 11:04:16'),
	(8, 205, 18, 2, '2017-05-01 11:04:58'),
	(8, 215, 18, 2, '2017-05-01 11:05:30'),
	(8, 4, 1, 4, '2017-05-01 11:38:53'),
	(8, 49, 1, 4, '2017-05-01 11:39:13'),
	(8, 57, 1, 5, '2017-05-01 11:39:40'),
	(8, 73, 1, 4, '2017-05-01 11:40:16'),
	(8, 78, 1, 0, '2017-05-01 11:40:27'),
	(8, 74, 1, 4, '2017-05-01 11:40:48'),
	(8, 51, 1, 8, '2017-05-01 11:41:11'),
	(8, 76, 1, 5, '2017-05-01 11:41:36'),
	(8, 77, 1, 4, '2017-05-01 11:41:49'),
	(8, 54, 1, 0, '2017-05-01 11:42:59'),
	(8, 60, 1, 10, '2017-05-01 11:43:17'),
	(8, 80, 1, 4, '2017-05-01 11:43:45'),
	(8, 58, 1, 4, '2017-05-01 11:43:56'),
	(8, 53, 1, 6, '2017-05-01 11:44:38'),
	(8, 39, 1, 4, '2017-05-01 11:45:05'),
	(8, 48, 1, 0, '2017-05-01 11:45:37'),
	(8, 36, 1, 8, '2017-05-01 11:46:02'),
	(8, 18, 1, 10, '2017-05-01 11:46:15'),
	(8, 21, 1, 0, '2017-05-01 11:48:06'),
	(8, 5, 1, 0, '2017-05-01 11:48:43'),
	(8, 9, 1, 4, '2017-05-01 11:49:00'),
	(8, 1, 1, 4, '2017-05-01 11:49:13'),
	(8, 10, 1, 4, '2017-05-01 11:49:27'),
	(8, 11, 1, 10, '2017-05-01 11:49:50'),
	(8, 3, 1, 4, '2017-05-01 11:50:11'),
	(8, 25, 1, 0, '2017-05-01 11:50:25'),
	(8, 35, 1, 4, '2017-05-01 11:51:34'),
	(8, 31, 1, 4, '2017-05-01 11:51:52'),
	(8, 34, 1, 0, '2017-05-01 11:52:03'),
	(8, 24, 1, 4, '2017-05-01 11:52:17'),
	(8, 26, 1, 4, '2017-05-01 11:52:26'),
	(8, 32, 1, 2, '2017-05-01 11:52:38'),
	(8, 40, 1, 4, '2017-05-01 11:52:50'),
	(8, 333, 1, 4, '2017-05-01 11:58:04'),
	(8, 17, 1, 5, '2017-05-01 11:58:30'),
	(8, 78, 1, 0, '2017-05-01 11:59:18'),
	(8, 334, 1, 4, '2017-05-01 11:59:55'),
	(8, 13, 1, 4, '2017-05-01 12:00:23'),
	(8, 20, 1, 4, '2017-05-01 12:00:35'),
	(8, 14, 1, 4, '2017-05-01 12:00:46'),
	(8, 29, 1, 0, '2017-05-01 12:01:40'),
	(8, 335, 1, 4, '2017-05-01 12:02:59'),
	(8, 23, 1, 4, '2017-05-01 12:03:56'),
	(8, 336, 1, 2, '2017-05-01 12:06:31'),
	(8, 19, 1, 4, '2017-05-01 12:06:57'),
	(8, 12, 1, 4, '2017-05-01 12:10:05'),
	(8, 55, 1, 4, '2017-05-01 12:10:20'),
	(8, 52, 1, 4, '2017-05-01 12:11:17'),
	(8, 42, 1, 4, '2017-05-01 12:11:46'),
	(8, 38, 1, 4, '2017-05-01 12:13:25'),
	(8, 45, 1, 4, '2017-05-01 12:13:43'),
	(8, 63, 1, 10, '2017-05-01 12:14:58'),
	(8, 66, 1, 4, '2017-05-01 12:18:24'),
	(8, 69, 1, 4, '2017-05-01 12:18:33'),
	(8, 62, 1, 4, '2017-05-01 12:18:56'),
	(8, 67, 1, 0, '2017-05-01 12:20:19'),
	(8, 64, 1, 4, '2017-05-01 12:20:33'),
	(8, 61, 1, 4, '2017-05-01 12:22:53'),
	(8, 70, 1, 4, '2017-05-01 12:23:59'),
	(8, 71, 1, 4, '2017-05-01 12:24:44'),
	(8, 68, 1, 0, '2017-05-01 12:25:32'),
	(8, 75, 1, 4, '2017-05-01 12:25:54'),
	(8, 72, 1, 5, '2017-05-01 12:27:12'),
	(8, 81, 1, 10, '2017-05-01 12:27:30'),
	(8, 36, 1, 5, '2017-05-01 13:05:36'),
	(9, 81, 2, 0, '2017-05-01 15:14:02'),
	(9, 72, 2, 10, '2017-05-01 15:15:18'),
	(9, 75, 2, 3, '2017-05-01 15:15:30'),
	(9, 70, 2, 3, '2017-05-01 15:16:16'),
	(9, 67, 2, 3, '2017-05-01 15:16:40'),
	(9, 64, 2, 3, '2017-05-01 15:16:52'),
	(9, 66, 2, 0, '2017-05-01 15:17:01'),
	(9, 63, 2, 3, '2017-05-01 15:17:13'),
	(9, 45, 2, 3, '2017-05-01 15:17:26'),
	(9, 38, 2, 3, '2017-05-01 15:17:48'),
	(9, 42, 2, 0, '2017-05-01 15:18:01'),
	(9, 52, 2, 3, '2017-05-01 15:18:14'),
	(9, 336, 2, 3, '2017-05-01 15:18:48'),
	(9, 55, 2, 0, '2017-05-01 15:19:01'),
	(9, 29, 2, 3, '2017-05-01 15:19:16'),
	(9, 23, 2, 3, '2017-05-01 15:19:30'),
	(9, 14, 2, 0, '2017-05-01 15:19:42'),
	(9, 20, 2, 0, '2017-05-01 15:19:54'),
	(9, 13, 2, 0, '2017-05-01 15:20:06'),
	(9, 334, 2, 3, '2017-05-01 15:20:26'),
	(9, 21, 2, 3, '2017-05-01 15:20:51'),
	(9, 40, 2, 3, '2017-05-01 15:21:04'),
	(9, 333, 2, 3, '2017-05-01 15:21:21'),
	(9, 32, 2, 0, '2017-05-01 15:21:35'),
	(9, 32, 2, 0, '2017-05-01 15:21:42'),
	(9, 26, 2, 0, '2017-05-01 15:21:53'),
	(9, 31, 2, 3, '2017-05-01 15:22:10'),
	(9, 35, 2, 3, '2017-05-01 15:22:23'),
	(9, 54, 2, 0, '2017-05-01 15:23:53'),
	(9, 58, 2, 0, '2017-05-01 15:24:25'),
	(9, 53, 2, 10, '2017-05-01 15:24:34'),
	(9, 39, 2, 0, '2017-05-01 15:24:53'),
	(9, 48, 2, 0, '2017-05-01 15:25:03'),
	(9, 10, 2, 0, '2017-05-01 15:25:32'),
	(9, 77, 3, 9, '2017-05-01 15:26:32'),
	(9, 81, 3, 10, '2017-05-01 15:26:43'),
	(9, 72, 3, 9, '2017-05-01 15:26:59'),
	(9, 68, 3, 2, '2017-05-01 15:27:27'),
	(9, 71, 3, 3, '2017-05-01 15:27:42'),
	(9, 70, 3, 3, '2017-05-01 15:27:57'),
	(9, 61, 3, 2, '2017-05-01 15:28:18'),
	(9, 64, 3, 10, '2017-05-01 15:28:38'),
	(9, 67, 3, 10, '2017-05-01 15:28:50'),
	(9, 66, 3, 3, '2017-05-01 15:29:01'),
	(9, 69, 3, 10, '2017-05-01 15:29:11'),
	(9, 63, 3, 10, '2017-05-01 15:29:21'),
	(9, 45, 3, 10, '2017-05-01 15:29:35'),
	(9, 38, 3, 3, '2017-05-01 15:29:49'),
	(9, 42, 3, 10, '2017-05-01 15:29:58'),
	(9, 52, 3, 10, '2017-05-01 15:30:17'),
	(9, 12, 3, 10, '2017-05-01 15:30:28'),
	(9, 336, 3, 3, '2017-05-01 15:30:38'),
	(9, 55, 3, 3, '2017-05-01 15:30:47'),
	(9, 335, 3, 10, '2017-05-01 15:31:03'),
	(9, 29, 3, 10, '2017-05-01 15:31:14'),
	(9, 23, 3, 0, '2017-05-01 15:31:25'),
	(9, 14, 3, 10, '2017-05-01 15:31:38'),
	(9, 24, 3, 3, '2017-05-01 15:31:52'),
	(9, 20, 3, 2, '2017-05-01 15:32:11'),
	(9, 13, 3, 10, '2017-05-01 15:32:22'),
	(9, 17, 3, 10, '2017-05-01 15:32:31'),
	(9, 21, 3, 1, '2017-05-01 15:32:41'),
	(9, 334, 3, 2, '2017-05-01 15:33:12'),
	(9, 333, 3, 10, '2017-05-01 15:33:18'),
	(9, 40, 3, 10, '2017-05-01 15:33:35'),
	(9, 32, 3, 2, '2017-05-01 15:33:45'),
	(9, 26, 3, 1, '2017-05-01 15:33:54'),
	(9, 34, 3, 10, '2017-05-01 15:34:04'),
	(9, 31, 3, 10, '2017-05-01 15:34:11'),
	(9, 35, 3, 10, '2017-05-01 15:34:23'),
	(9, 49, 3, 10, '2017-05-01 15:34:34'),
	(9, 57, 3, 3, '2017-05-01 15:35:37'),
	(9, 73, 3, 5, '2017-05-01 15:35:52'),
	(9, 78, 3, 10, '2017-05-01 15:36:06'),
	(9, 74, 3, 10, '2017-05-01 15:36:19'),
	(9, 51, 3, 10, '2017-05-01 15:36:31'),
	(9, 76, 3, 4, '2017-05-01 15:36:46'),
	(9, 54, 3, 10, '2017-05-01 15:36:56'),
	(9, 59, 3, 10, '2017-05-01 15:37:06'),
	(9, 58, 3, 3, '2017-05-01 15:37:16'),
	(9, 53, 3, 10, '2017-05-01 15:37:27'),
	(9, 48, 3, 10, '2017-05-01 15:37:37'),
	(9, 39, 3, 10, '2017-05-01 15:37:53'),
	(9, 18, 3, 10, '2017-05-01 15:38:08'),
	(9, 9, 3, 2, '2017-05-01 15:38:19'),
	(9, 5, 3, 10, '2017-05-01 15:38:28'),
	(9, 11, 3, 0, '2017-05-01 15:38:36'),
	(9, 3, 3, 5, '2017-05-01 15:38:46'),
	(9, 25, 3, 10, '2017-05-01 15:39:02'),
	(7, 160, 14, 4, '2017-05-01 17:40:34'),
	(7, 158, 14, 9, '2017-05-01 17:40:48'),
	(7, 215, 14, 9, '2017-05-01 17:41:20'),
	(7, 176, 14, 10, '2017-05-01 17:42:02'),
	(7, 171, 14, 8, '2017-05-01 17:42:21'),
	(7, 223, 14, 8, '2017-05-01 17:42:50'),
	(7, 181, 14, 6, '2017-05-01 17:43:03'),
	(7, 163, 14, 8, '2017-05-01 17:43:22'),
	(7, 173, 14, 8, '2017-05-01 17:43:38'),
	(7, 205, 14, 10, '2017-05-01 17:43:58'),
	(7, 200, 14, 10, '2017-05-01 17:44:13'),
	(7, 198, 14, 10, '2017-05-01 17:45:23'),
	(7, 206, 14, 10, '2017-05-01 17:45:46'),
	(7, 207, 14, 8, '2017-05-01 17:47:43'),
	(7, 189, 14, 10, '2017-05-01 17:47:57'),
	(7, 191, 14, 10, '2017-05-01 17:48:10'),
	(7, 187, 14, 10, '2017-05-01 17:48:23'),
	(7, 164, 14, 10, '2017-05-01 17:48:34'),
	(7, 171, 14, 10, '2017-05-01 17:51:29'),
	(7, 196, 14, 10, '2017-05-01 17:52:18'),
	(7, 179, 14, 10, '2017-05-01 17:52:34'),
	(7, 184, 14, 10, '2017-05-01 17:52:46'),
	(7, 318, 14, 10, '2017-05-01 17:54:32'),
	(7, 317, 14, 8, '2017-05-01 17:54:41'),
	(7, 225, 14, 10, '2017-05-01 17:54:59'),
	(7, 327, 14, 10, '2017-05-01 17:55:32'),
	(7, 186, 14, 10, '2017-05-01 17:55:49'),
	(7, 177, 14, 10, '2017-05-01 17:56:11'),
	(7, 150, 14, 10, '2017-05-01 17:56:20'),
	(7, 220, 14, 10, '2017-05-01 17:56:33'),
	(7, 216, 14, 10, '2017-05-01 17:56:46'),
	(7, 159, 14, 10, '2017-05-01 17:57:01'),
	(7, 173, 16, 0, '2017-05-01 18:08:40'),
	(7, 176, 15, 3, '2017-05-01 18:09:03'),
	(7, 176, 16, 0, '2017-05-01 18:09:18'),
	(7, 176, 13, 0, '2017-05-01 18:10:30'),
	(7, 215, 16, 0, '2017-05-01 18:10:50'),
	(7, 249, 19, 10, '2017-05-01 18:37:11'),
	(7, 254, 19, 9, '2017-05-01 18:37:38'),
	(7, 253, 19, 10, '2017-05-01 18:37:49'),
	(7, 250, 19, 0, '2017-05-01 18:38:04'),
	(7, 260, 19, 6, '2017-05-01 18:38:17'),
	(7, 236, 19, 0, '2017-05-01 18:38:30'),
	(7, 258, 19, 10, '2017-05-01 18:38:41'),
	(7, 239, 19, 6, '2017-05-01 18:39:23'),
	(7, 240, 19, 3, '2017-05-01 18:39:40'),
	(7, 232, 19, 6, '2017-05-01 18:39:56'),
	(7, 234, 19, 6, '2017-05-01 18:40:06'),
	(7, 233, 19, 10, '2017-05-01 18:40:22'),
	(7, 263, 19, 10, '2017-05-01 18:40:36'),
	(7, 231, 19, 10, '2017-05-01 18:40:48'),
	(7, 227, 19, 10, '2017-05-01 18:40:58'),
	(7, 230, 19, 10, '2017-05-01 18:41:11'),
	(7, 228, 19, 6, '2017-05-01 18:41:29'),
	(7, 255, 19, 6, '2017-05-01 18:41:44'),
	(7, 244, 19, 0, '2017-05-01 18:41:54'),
	(7, 243, 19, 10, '2017-05-01 18:42:07'),
	(7, 257, 19, 10, '2017-05-01 18:42:18'),
	(7, 261, 19, 3, '2017-05-01 18:42:32'),
	(7, 245, 19, 6, '2017-05-01 18:42:45'),
	(7, 247, 19, 10, '2017-05-01 18:42:55'),
	(7, 246, 19, 3, '2017-05-01 18:43:04'),
	(7, 263, 21, 10, '2017-05-01 18:50:40'),
	(5, 69, 5, 10, '2017-05-01 19:14:15'),
	(5, 51, 5, 10, '2017-05-01 19:14:35'),
	(5, 53, 5, 10, '2017-05-01 19:14:44'),
	(5, 336, 5, 3, '2017-05-01 19:16:35'),
	(5, 333, 5, 3, '2017-05-01 19:17:03'),
	(5, 39, 5, 2, '2017-05-01 19:17:17'),
	(5, 23, 5, 1, '2017-05-01 19:17:32'),
	(5, 35, 5, 1, '2017-05-01 19:17:51'),
	(5, 25, 5, 1, '2017-05-01 19:18:05'),
	(5, 3, 5, 1, '2017-05-01 19:18:35'),
	(5, 18, 5, 1, '2017-05-01 19:18:49'),
	(5, 54, 5, 1, '2017-05-01 19:19:11'),
	(5, 73, 5, 1, '2017-05-01 19:19:27'),
	(5, 78, 5, 1, '2017-05-01 19:19:44'),
	(5, 34, 5, 1, '2017-05-01 19:19:53'),
	(5, 72, 5, 1, '2017-05-01 19:20:05'),
	(5, 64, 5, 1, '2017-05-01 19:20:15'),
	(5, 75, 5, 1, '2017-05-01 19:20:30'),
	(5, 26, 5, 1, '2017-05-01 19:20:39'),
	(5, 20, 5, 1, '2017-05-01 19:20:45'),
	(5, 38, 5, 1, '2017-05-01 19:21:02'),
	(5, 24, 5, 1, '2017-05-01 19:21:08'),
	(5, 74, 5, 0, '2017-05-01 19:21:50'),
	(5, 19, 5, 0, '2017-05-01 19:22:03'),
	(5, 12, 5, 0, '2017-05-01 19:22:12'),
	(5, 45, 5, 0, '2017-05-01 19:22:26'),
	(5, 77, 5, 0, '2017-05-01 19:22:36'),
	(5, 48, 5, 0, '2017-05-01 19:23:18'),
	(5, 1, 5, 0, '2017-05-01 19:23:43'),
	(5, 6, 5, 1, '2017-05-01 19:24:28'),
	(5, 6, 6, 6, '2017-05-01 19:24:45'),
	(5, 11, 6, 10, '2017-05-01 19:25:01'),
	(5, 74, 6, 10, '2017-05-01 19:25:17'),
	(5, 35, 6, 10, '2017-05-01 19:25:34'),
	(5, 72, 6, 10, '2017-05-01 19:25:43'),
	(5, 81, 6, 10, '2017-05-01 19:25:50'),
	(5, 62, 6, 10, '2017-05-01 19:26:09'),
	(5, 66, 6, 10, '2017-05-01 19:26:15'),
	(5, 69, 6, 10, '2017-05-01 19:26:22'),
	(5, 63, 6, 10, '2017-05-01 19:26:34'),
	(5, 45, 6, 10, '2017-05-01 19:26:48'),
	(5, 38, 6, 10, '2017-05-01 19:26:57'),
	(5, 52, 6, 10, '2017-05-01 19:27:13'),
	(5, 12, 6, 10, '2017-05-01 19:30:25'),
	(5, 335, 6, 10, '2017-05-01 19:34:11'),
	(5, 29, 6, 10, '2017-05-01 19:34:20'),
	(5, 24, 6, 10, '2017-05-01 19:34:29'),
	(5, 334, 6, 10, '2017-05-01 19:34:38'),
	(5, 333, 6, 10, '2017-05-01 19:34:47'),
	(5, 34, 6, 10, '2017-05-01 19:34:57'),
	(5, 49, 6, 10, '2017-05-01 19:35:09'),
	(5, 51, 6, 10, '2017-05-01 19:37:41'),
	(5, 54, 6, 10, '2017-05-01 19:37:51'),
	(5, 59, 6, 10, '2017-05-01 19:38:01'),
	(5, 53, 6, 10, '2017-05-01 19:38:09'),
	(5, 36, 6, 10, '2017-05-01 19:38:23'),
	(5, 18, 6, 10, '2017-05-01 19:38:32'),
	(5, 48, 6, 8, '2017-05-01 19:38:56'),
	(5, 23, 6, 7, '2017-05-01 19:39:05'),
	(5, 17, 6, 7, '2017-05-01 19:39:14'),
	(5, 77, 6, 6, '2017-05-01 19:39:35'),
	(5, 64, 6, 4, '2017-05-01 19:39:41'),
	(5, 336, 6, 3, '2017-05-01 19:39:48'),
	(5, 58, 6, 2, '2017-05-01 19:40:13'),
	(5, 42, 6, 1, '2017-05-01 19:40:24'),
	(5, 55, 6, 1, '2017-05-01 19:40:34'),
	(5, 73, 6, 1, '2017-05-01 19:40:40'),
	(5, 80, 6, 1, '2017-05-01 19:40:46'),
	(5, 39, 6, 1, '2017-05-01 19:40:59'),
	(5, 25, 6, 0, '2017-05-01 19:41:22'),
	(5, 10, 6, 0, '2017-05-01 19:41:32'),
	(5, 5, 6, 0, '2017-05-01 19:41:47'),
	(5, 67, 6, 0, '2017-05-01 19:41:59'),
	(5, 32, 6, 0, '2017-05-01 19:42:12'),
	(5, 31, 6, 0, '2017-05-01 19:42:27'),
	(5, 32, 5, 0, '2017-05-01 19:42:41'),
	(5, 78, 6, 10, '2017-05-01 19:50:39'),
	(5, 11, 5, 1, '2017-05-01 19:56:30'),
	(5, 104, 9, 10, '2017-05-01 20:00:59'),
	(5, 144, 9, 10, '2017-05-01 20:01:05'),
	(5, 100, 9, 10, '2017-05-01 20:01:13'),
	(5, 118, 9, 10, '2017-05-01 20:01:21'),
	(5, 86, 9, 10, '2017-05-01 20:01:28'),
	(5, 111, 9, 10, '2017-05-01 20:01:41'),
	(5, 88, 9, 10, '2017-05-01 20:01:52'),
	(5, 134, 9, 10, '2017-05-01 20:02:08'),
	(5, 90, 9, 10, '2017-05-01 20:02:22'),
	(5, 319, 9, 10, '2017-05-01 20:02:41'),
	(5, 314, 9, 10, '2017-05-01 20:02:51'),
	(5, 97, 9, 10, '2017-05-01 20:03:02'),
	(5, 93, 9, 10, '2017-05-01 20:03:11'),
	(5, 147, 9, 10, '2017-05-01 20:03:21'),
	(5, 140, 9, 10, '2017-05-01 20:03:36'),
	(5, 114, 9, 10, '2017-05-01 20:03:44'),
	(5, 92, 9, 10, '2017-05-01 20:03:54'),
	(5, 338, 9, 10, '2017-05-01 20:04:51'),
	(5, 115, 9, 10, '2017-05-01 20:05:03'),
	(5, 122, 9, 10, '2017-05-01 20:05:11'),
	(5, 315, 9, 3, '2017-05-01 20:06:54'),
	(5, 325, 9, 3, '2017-05-01 20:07:00'),
	(5, 321, 9, 3, '2017-05-01 20:07:13'),
	(5, 322, 9, 3, '2017-05-01 20:07:37'),
	(5, 99, 9, 3, '2017-05-01 20:07:53'),
	(5, 85, 9, 3, '2017-05-01 20:08:33'),
	(5, 145, 9, 2, '2017-05-01 20:08:58'),
	(5, 96, 9, 2, '2017-05-01 20:09:08'),
	(5, 120, 9, 0, '2017-05-01 20:09:42'),
	(5, 326, 9, 0, '2017-05-01 20:09:48'),
	(5, 320, 9, 0, '2017-05-01 20:09:53'),
	(5, 148, 9, 0, '2017-05-01 20:10:00'),
	(5, 141, 9, 0, '2017-05-01 20:10:07'),
	(5, 101, 9, 0, '2017-05-01 20:10:22'),
	(5, 146, 9, 0, '2017-05-01 20:10:31'),
	(5, 119, 9, 0, '2017-05-01 20:10:52'),
	(5, 89, 9, 0, '2017-05-01 20:11:00'),
	(5, 117, 9, 0, '2017-05-01 20:12:03'),
	(5, 277, 25, 0, '2017-05-01 20:18:33'),
	(5, 339, 25, 0, '2017-05-01 20:19:21'),
	(5, 266, 25, 0, '2017-05-01 20:19:29'),
	(5, 273, 25, 0, '2017-05-01 20:19:34'),
	(5, 312, 30, 10, '2017-05-01 20:20:08'),
	(5, 280, 30, 2, '2017-05-01 20:20:18'),
	(5, 283, 30, 2, '2017-05-01 20:20:25'),
	(5, 286, 30, 1, '2017-05-01 20:20:32'),
	(5, 313, 30, 0, '2017-05-01 20:20:50'),
	(5, 266, 30, 0, '2017-05-01 20:21:08'),
	(5, 273, 30, 0, '2017-05-01 20:21:15'),
	(5, 275, 30, 0, '2017-05-01 20:21:28'),
	(5, 284, 30, 0, '2017-05-01 20:21:38'),
	(5, 281, 30, 0, '2017-05-01 20:21:45'),
	(5, 339, 30, 10, '2017-05-01 20:27:15'),
	(5, 277, 30, 2, '2017-05-01 20:33:01'),
	(5, 164, 17, 10, '2017-05-01 20:35:07'),
	(5, 198, 17, 10, '2017-05-01 20:35:18'),
	(5, 220, 17, 10, '2017-05-01 20:35:27'),
	(5, 327, 17, 10, '2017-05-01 20:35:35'),
	(5, 189, 17, 10, '2017-05-01 20:35:47'),
	(5, 184, 17, 8, '2017-05-01 20:36:55'),
	(5, 187, 17, 8, '2017-05-01 20:37:31'),
	(5, 181, 17, 5, '2017-05-01 20:38:10'),
	(5, 179, 17, 5, '2017-05-01 20:38:20'),
	(5, 215, 17, 5, '2017-05-01 20:38:35'),
	(5, 216, 17, 5, '2017-05-01 20:38:45'),
	(5, 152, 17, 5, '2017-05-01 20:39:03'),
	(5, 160, 17, 5, '2017-05-01 20:39:23'),
	(5, 178, 17, 5, '2017-05-01 20:39:38'),
	(5, 177, 17, 5, '2017-05-01 20:39:44'),
	(5, 186, 17, 5, '2017-05-01 20:40:03'),
	(5, 317, 17, 5, '2017-05-01 20:40:28'),
	(5, 196, 17, 5, '2017-05-01 20:40:40'),
	(5, 206, 17, 5, '2017-05-01 20:40:48'),
	(5, 150, 17, 4, '2017-05-01 20:41:56'),
	(5, 205, 17, 4, '2017-05-01 20:42:02'),
	(5, 225, 17, 1, '2017-05-01 20:42:24'),
	(5, 173, 17, 1, '2017-05-01 20:42:48'),
	(5, 163, 17, 0, '2017-05-01 20:43:10'),
	(5, 163, 17, 1, '2017-05-01 20:44:13'),
	(5, 223, 17, 0, '2017-05-01 20:44:19'),
	(5, 318, 17, 1, '2017-05-01 20:44:35'),
	(5, 191, 17, 0, '2017-05-01 20:44:44'),
	(5, 249, 21, 10, '2017-05-01 21:08:16'),
	(5, 239, 21, 10, '2017-05-01 21:08:27'),
	(5, 243, 21, 10, '2017-05-01 21:08:36'),
	(5, 233, 21, 10, '2017-05-01 21:08:43'),
	(5, 236, 21, 10, '2017-05-01 21:09:02'),
	(5, 256, 21, 4, '2017-05-01 21:10:24'),
	(5, 234, 21, 4, '2017-05-01 21:10:33'),
	(5, 250, 21, 4, '2017-05-01 21:11:03'),
	(5, 255, 21, 1, '2017-05-01 21:12:22'),
	(5, 232, 21, 1, '2017-05-01 21:12:31'),
	(5, 227, 21, 1, '2017-05-01 21:12:37'),
	(5, 251, 21, 1, '2017-05-01 21:12:46'),
	(5, 247, 21, 1, '2017-05-01 21:12:52'),
	(5, 244, 21, 1, '2017-05-01 21:13:29'),
	(5, 257, 21, 1, '2017-05-01 21:13:36'),
	(5, 258, 21, 1, '2017-05-01 21:13:41'),
	(5, 238, 21, 0, '2017-05-01 21:14:02'),
	(5, 261, 21, 1, '2017-05-01 21:16:28'),
	(5, 124, 7, 4, '2017-05-01 21:18:21'),
	(5, 124, 8, 0, '2017-05-01 21:18:32'),
	(5, 124, 9, 10, '2017-05-01 21:18:41'),
	(5, 124, 12, 3, '2017-05-01 21:19:04'),
	(5, 124, 11, 3, '2017-05-01 21:20:45'),
	(5, 124, 10, 1, '2017-05-01 21:20:54'),
	(5, 103, 12, 10, '2017-05-01 21:22:21'),
	(5, 103, 9, 0, '2017-05-01 21:23:50'),
	(5, 103, 7, 4, '2017-05-01 21:24:09'),
	(5, 103, 10, 10, '2017-05-01 21:24:54'),
	(5, 103, 8, 0, '2017-05-01 21:24:59'),
	(5, 103, 8, -1, '2017-05-01 21:25:35'),
	(5, 103, 7, -1, '2017-05-01 21:25:48'),
	(5, 103, 9, -1, '2017-05-01 21:25:59'),
	(5, 103, 10, -1, '2017-05-01 21:26:08'),
	(5, 103, 12, -1, '2017-05-01 21:26:23'),
	(5, 133, 12, 10, '2017-05-01 21:26:40'),
	(5, 133, 10, 10, '2017-05-01 21:26:51'),
	(5, 133, 9, 0, '2017-05-01 21:27:13'),
	(5, 133, 8, 0, '2017-05-01 21:27:22'),
	(5, 133, 8, 0, '2017-05-01 21:28:19'),
	(5, 133, 8, 10, '2017-05-01 21:28:22'),
	(5, 133, 8, -1, '2017-05-01 21:29:11'),
	(5, 133, 9, -1, '2017-05-01 21:29:23'),
	(5, 133, 10, -1, '2017-05-01 21:29:31'),
	(5, 133, 12, -1, '2017-05-01 21:29:47'),
	(5, 132, 7, 4, '2017-05-01 21:31:54'),
	(5, 132, 9, 10, '2017-05-01 21:32:13'),
	(5, 132, 12, 10, '2017-05-01 21:32:21'),
	(5, 132, 10, 6, '2017-05-01 21:32:26'),
	(5, 127, 7, 10, '2017-05-01 21:33:26'),
	(5, 127, 11, 10, '2017-05-01 21:33:36'),
	(5, 127, 12, 10, '2017-05-01 21:33:48'),
	(5, 127, 11, 9, '2017-05-01 21:34:02'),
	(5, 137, 7, 4, '2017-05-01 21:35:12'),
	(5, 137, 12, 10, '2017-05-01 21:35:18'),
	(5, 137, 9, 0, '2017-05-01 21:35:31'),
	(5, 110, 9, 10, '2017-05-01 21:36:31'),
	(5, 110, 11, 10, '2017-05-01 21:36:36'),
	(5, 110, 12, 10, '2017-05-01 21:36:44'),
	(5, 316, 10, 2, '2017-05-01 21:38:37'),
	(5, 116, 8, 0, '2017-05-01 21:39:01'),
	(5, 136, 7, 0, '2017-05-01 21:39:34'),
	(5, 62, 3, 10, '2017-05-01 21:41:18'),
	(5, 133, 7, 4, '2017-05-01 21:51:09'),
	(5, 133, 9, 0, '2017-05-01 21:51:20'),
	(5, 133, 12, 0, '2017-05-01 21:51:30'),
	(5, 133, 11, 10, '2017-05-01 21:51:45'),
	(5, 133, 10, 10, '2017-05-01 21:52:08'),
	(5, 130, 7, 4, '2017-05-01 21:52:51'),
	(5, 130, 12, 10, '2017-05-01 21:52:58'),
	(5, 130, 10, 3, '2017-05-01 21:53:08'),
	(5, 130, 8, 0, '2017-05-01 21:53:34'),
	(5, 130, 11, 6, '2017-05-01 21:54:10'),
	(5, 212, 17, 5, '2017-05-01 22:03:39'),
	(10, 315, 8, 0, '2017-05-01 22:07:15'),
	(10, 90, 8, 7, '2017-05-01 22:08:02'),
	(10, 320, 8, 1, '2017-05-01 22:08:50'),
	(10, 141, 8, 0, '2017-05-01 22:09:49'),
	(10, 322, 8, 0, '2017-05-01 22:10:26'),
	(10, 322, 8, 0, '2017-05-01 22:10:33'),
	(10, 146, 8, 0, '2017-05-01 22:11:00'),
	(10, 136, 8, 0, '2017-05-01 22:12:36'),
	(10, 92, 8, 0, '2017-05-01 22:13:15'),
	(10, 145, 8, 0, '2017-05-01 22:13:44'),
	(10, 323, 8, 6, '2017-05-01 22:14:36'),
	(10, 144, 8, 0, '2017-05-01 22:15:04'),
	(10, 128, 8, 0, '2017-05-01 22:15:57'),
	(10, 115, 8, 4, '2017-05-01 22:16:35'),
	(10, 123, 8, 0, '2017-05-01 22:16:58'),
	(10, 104, 8, 4, '2017-05-01 22:17:44'),
	(10, 324, 8, 1, '2017-05-01 22:18:25'),
	(10, 86, 8, 7, '2017-05-01 22:19:04'),
	(10, 111, 8, 9, '2017-05-01 22:19:49'),
	(10, 89, 8, 0, '2017-05-01 22:21:07'),
	(10, 85, 8, 1, '2017-05-01 22:21:40'),
	(10, 136, 10, 1, '2017-05-01 22:25:24'),
	(10, 85, 10, 6, '2017-05-01 22:25:56'),
	(10, 88, 10, 1, '2017-05-01 22:29:27'),
	(10, 111, 10, 10, '2017-05-01 22:30:05'),
	(10, 111, 10, 9, '2017-05-01 22:31:39'),
	(10, 111, 10, 10, '2017-05-01 22:32:07'),
	(10, 89, 10, 1, '2017-05-01 22:32:36'),
	(10, 109, 10, 6, '2017-05-01 22:33:24'),
	(10, 86, 10, 5, '2017-05-01 22:34:00'),
	(10, 324, 10, 1, '2017-05-01 22:34:26'),
	(10, 108, 10, 0, '2017-05-01 22:34:57'),
	(10, 107, 10, 5, '2017-05-01 22:35:39'),
	(10, 105, 10, 1, '2017-05-01 22:36:05'),
	(10, 104, 10, 5, '2017-05-01 22:36:41'),
	(10, 118, 10, 1, '2017-05-01 22:37:24'),
	(10, 120, 10, 1, '2017-05-01 22:38:05'),
	(10, 144, 10, 2, '2017-05-01 22:39:47'),
	(10, 100, 10, 0, '2017-05-01 22:40:40'),
	(10, 134, 10, 1, '2017-05-01 22:41:23'),
	(10, 117, 10, 4, '2017-05-01 22:42:08'),
	(10, 99, 10, 1, '2017-05-01 22:43:08'),
	(10, 91, 10, 1, '2017-05-01 22:43:48'),
	(10, 123, 10, 0, '2017-05-01 22:44:21'),
	(10, 115, 10, 0, '2017-05-01 22:44:46'),
	(10, 119, 10, 1, '2017-05-01 22:45:33'),
	(10, 96, 10, 1, '2017-05-01 22:46:09'),
	(10, 338, 10, 2, '2017-05-01 22:47:01'),
	(10, 138, 10, 1, '2017-05-01 22:47:27'),
	(10, 114, 10, 9, '2017-05-01 22:48:04'),
	(10, 111, 10, 9, '2017-05-01 22:49:16'),
	(10, 92, 10, 9, '2017-05-01 22:49:43'),
	(10, 140, 10, 2, '2017-05-01 22:50:22'),
	(10, 145, 10, 1, '2017-05-01 22:50:48'),
	(10, 116, 10, 1, '2017-05-01 22:51:24'),
	(10, 142, 10, 7, '2017-05-01 22:51:43'),
	(10, 147, 10, 1, '2017-05-01 22:52:15'),
	(10, 101, 10, 1, '2017-05-01 22:53:02'),
	(10, 148, 10, 4, '2017-05-01 22:53:26'),
	(10, 97, 10, 1, '2017-05-01 22:53:53'),
	(10, 321, 10, 0, '2017-05-01 22:55:02'),
	(10, 314, 10, 7, '2017-05-01 22:55:45'),
	(10, 320, 10, 1, '2017-05-01 22:56:18'),
	(10, 90, 10, 9, '2017-05-01 22:56:57');
/*!40000 ALTER TABLE `results` ENABLE KEYS */;

/*!40101 SET SQL_MODE=IFNULL(@OLD_SQL_MODE, '') */;
/*!40014 SET FOREIGN_KEY_CHECKS=IF(@OLD_FOREIGN_KEY_CHECKS IS NULL, 1, @OLD_FOREIGN_KEY_CHECKS) */;
/*!40101 SET CHARACTER_SET_CLIENT=@OLD_CHARACTER_SET_CLIENT */;
